[{"model": "mailapp.message", "pk": 51, "fields": {"title": "settings_test_2 - first", "body": "settings@yandex.ru - first creation"}}, {"model": "mailapp.message", "pk": 52, "fields": {"title": "settings_test_3 - first  CHANGED", "body": "settings@yandex.ru - first creation CHANGED"}}, {"model": "mailapp.message", "pk": 53, "fields": {"title": "message_settings_update_2 - first", "body": "message_settings_update_2 - first creation"}}, {"model": "mailapp.message", "pk": 54, "fields": {"title": "message_settings_update_3 - first ", "body": "message_settings_update_2 - first creation"}}, {"model": "mailapp.message", "pk": 55, "fields": {"title": "message_settings_update_4 - first ", "body": "message_settings_update_2 - first creation"}}, {"model": "mailapp.message", "pk": 56, "fields": {"title": "message_settings_update_5 - first ", "body": "message_settings_update_2 - first creation"}}, {"model": "mailapp.message", "pk": 57, "fields": {"title": "message_settings_update_6 - first", "body": "message_settings_update_2 - first creation"}}, {"model": "mailapp.message", "pk": 58, "fields": {"title": "message_settings_update_7 - first", "body": "message_settings_update_2 - first creation"}}, {"model": "mailapp.message", "pk": 59, "fields": {"title": "message_settings_update_8 - first", "body": "message_settings_update_2 - first creation"}}, {"model": "mailapp.message", "pk": 60, "fields": {"title": "message_settings_update_9 - first CHANGED", "body": "message_settings_update_2 - first creation CHANGED"}}, {"model": "mailapp.message", "pk": 61, "fields": {"title": "settings_test_8 - first ", "body": "settings_test_8 - first creation"}}, {"model": "mailapp.message", "pk": 62, "fields": {"title": "mailing_1 - first ", "body": "mailing - first creation"}}, {"model": "mailapp.message", "pk": 63, "fields": {"title": "CHANGED - first  2", "body": "CHANGED - first creation 2"}}, {"model": "mailapp.message", "pk": 64, "fields": {"title": "SHITTTT!! - first changed 2", "body": "SHITTTT!! - first creation changed 2"}}, {"model": "mailapp.message", "pk": 65, "fields": {"title": "last settings test - first ch", "body": "last settings test - first creation ch"}}, {"model": "mailapp.message", "pk": 70, "fields": {"title": "SEND_probe_5 - first", "body": "SEND_probe_5 - first creation ПРОВЕРКА РАБОТОСПОСОБНОСТИ 2"}}, {"model": "mailapp.message", "pk": 71, "fields": {"title": "appsheduller - first", "body": "appsheduller проверка работоспособности хотя бы его - first creation"}}, {"model": "mailapp.message", "pk": 72, "fields": {"title": "Crontab-проверка", "body": "Crontab-проверка работоспособности рассылки. Crontab все делает молча... - first creation"}}, {"model": "mailapp.message", "pk": 73, "fields": {"title": "simple_user_mailing - first", "body": "message_in = models.TextField(verbose_name='описание', help_text='введите описание рассылки', **NULLABLE) - first creation - changed"}}, {"model": "mailapp.message", "pk": 74, "fields": {"title": "Список пользователей: - first", "body": "Список пользователей: - first creation"}}, {"model": "mailapp.mailingsettings", "pk": 1, "fields": {"datetime_send": "2024-06-13T12:44:19.126Z", "periodicity": 1, "status": true, "active": true}}, {"model": "mailapp.mailingsettings", "pk": 2, "fields": {"datetime_send": "2024-06-13T12:46:12.108Z", "periodicity": 1, "status": true, "active": true}}, {"model": "mailapp.mailingsettings", "pk": 3, "fields": {"datetime_send": "2024-06-13T12:49:26.927Z", "periodicity": 3, "status": true, "active": true}}, {"model": "mailapp.mailingsettings", "pk": 4, "fields": {"datetime_send": "2024-06-13T12:53:54.439Z", "periodicity": 1, "status": true, "active": true}}, {"model": "mailapp.mailingsettings", "pk": 5, "fields": {"datetime_send": "2024-06-30T16:58:00Z", "periodicity": 1, "status": true, "active": true}}, {"model": "mailapp.mailingsettings", "pk": 6, "fields": {"datetime_send": "2024-06-13T12:55:35.005Z", "periodicity": 1, "status": true, "active": true}}, {"model": "mailapp.mailingsettings", "pk": 7, "fields": {"datetime_send": "2024-06-13T12:57:41.577Z", "periodicity": 4, "status": false, "active": true}}, {"model": "mailapp.mailingsettings", "pk": 8, "fields": {"datetime_send": "2024-06-13T12:59:58.973Z", "periodicity": 4, "status": true, "active": true}}, {"model": "mailapp.mailingsettings", "pk": 9, "fields": {"datetime_send": "2024-06-25T16:58:00Z", "periodicity": 5, "status": true, "active": true}}, {"model": "mailapp.mailingsettings", "pk": 10, "fields": {"datetime_send": "2024-06-13T13:01:31.808Z", "periodicity": 1, "status": true, "active": true}}, {"model": "mailapp.mailingsettings", "pk": 11, "fields": {"datetime_send": "2024-06-30T16:58:00Z", "periodicity": 1, "status": true, "active": true}}, {"model": "mailapp.mailingsettings", "pk": 12, "fields": {"datetime_send": "2024-06-13T13:14:40.718Z", "periodicity": 1, "status": true, "active": true}}, {"model": "mailapp.mailingsettings", "pk": 13, "fields": {"datetime_send": "2024-06-30T17:05:00Z", "periodicity": 6, "status": false, "active": true}}, {"model": "mailapp.mailingsettings", "pk": 14, "fields": {"datetime_send": "2024-06-13T13:25:37.390Z", "periodicity": 7, "status": false, "active": false}}, {"model": "mailapp.mailingsettings", "pk": 15, "fields": {"datetime_send": "2024-06-30T16:30:00Z", "periodicity": 7, "status": true, "active": true}}, {"model": "mailapp.mailingsettings", "pk": 20, "fields": {"datetime_send": "2024-06-13T14:30:49.520Z", "periodicity": 1, "status": true, "active": true}}, {"model": "mailapp.mailingsettings", "pk": 21, "fields": {"datetime_send": "2024-06-14T12:35:28.586Z", "periodicity": 1, "status": true, "active": true}}, {"model": "mailapp.mailingsettings", "pk": 22, "fields": {"datetime_send": "2024-06-15T06:04:40.108Z", "periodicity": 1, "status": true, "active": true}}, {"model": "mailapp.mailingsettings", "pk": 23, "fields": {"datetime_send": "2024-06-18T13:56:43.040Z", "periodicity": 7, "status": true, "active": true}}, {"model": "mailapp.mailingsettings", "pk": 24, "fields": {"datetime_send": "2024-06-18T19:19:58.772Z", "periodicity": 7, "status": true, "active": true}}, {"model": "mailapp.mailing", "pk": 37, "fields": {"title": "settings_test_2", "message_in": "settings@yandex.ru", "created_at": "2024-06-13T12:44:19.121Z", "user": 16, "message": 51, "settings": 1}}, {"model": "mailapp.mailing", "pk": 38, "fields": {"title": "settings_test_3", "message_in": "settings@yandex.ru", "created_at": "2024-06-13T12:46:12.102Z", "user": 1, "message": 52, "settings": 2}}, {"model": "mailapp.mailing", "pk": 39, "fields": {"title": "message_settings_update_2", "message_in": "message_settings_update_2", "created_at": "2024-06-13T12:49:26.915Z", "user": 16, "message": 53, "settings": 3}}, {"model": "mailapp.mailing", "pk": 40, "fields": {"title": "message_settings_update_3", "message_in": "message_settings_update_2", "created_at": "2024-06-13T12:53:54.433Z", "user": 1, "message": 54, "settings": 4}}, {"model": "mailapp.mailing", "pk": 41, "fields": {"title": "message_settings_update_4", "message_in": "message_settings_update_2", "created_at": "2024-06-13T12:54:38.781Z", "user": 1, "message": 55, "settings": 5}}, {"model": "mailapp.mailing", "pk": 42, "fields": {"title": "message_settings_update_5", "message_in": "message_settings_update_2", "created_at": "2024-06-13T12:55:34.999Z", "user": 1, "message": 56, "settings": 6}}, {"model": "mailapp.mailing", "pk": 43, "fields": {"title": "message_settings_update_6", "message_in": "message_settings_update_2", "created_at": "2024-06-13T12:57:41.571Z", "user": 16, "message": 57, "settings": 7}}, {"model": "mailapp.mailing", "pk": 44, "fields": {"title": "message_settings_update_7", "message_in": "message_settings_update_2", "created_at": "2024-06-13T12:59:58.948Z", "user": 16, "message": 58, "settings": 8}}, {"model": "mailapp.mailing", "pk": 45, "fields": {"title": "message_settings_update_8", "message_in": "message_settings_update_2", "created_at": "2024-06-13T13:00:43.565Z", "user": 16, "message": 59, "settings": 9}}, {"model": "mailapp.mailing", "pk": 46, "fields": {"title": "message_settings_update_9", "message_in": "message_settings_update_2", "created_at": "2024-06-13T13:01:31.801Z", "user": 1, "message": 60, "settings": 10}}, {"model": "mailapp.mailing", "pk": 47, "fields": {"title": "settings_test_8", "message_in": "settings_test_8", "created_at": "2024-06-13T13:11:17.115Z", "user": 1, "message": 61, "settings": 11}}, {"model": "mailapp.mailing", "pk": 48, "fields": {"title": "mailing_1", "message_in": "mailing", "created_at": "2024-06-13T13:14:40.712Z", "user": 1, "message": 62, "settings": 12}}, {"model": "mailapp.mailing", "pk": 49, "fields": {"title": "CHANGED изменено 2", "message_in": "CHANGED изменено 2", "created_at": "2024-06-13T13:18:08.999Z", "user": 1, "message": 63, "settings": 13}}, {"model": "mailapp.mailing", "pk": 50, "fields": {"title": "SHITTTT!!", "message_in": "SHITTTT!!", "created_at": "2024-06-13T13:25:37.384Z", "user": 1, "message": 64, "settings": 14}}, {"model": "mailapp.mailing", "pk": 51, "fields": {"title": "last settings test", "message_in": "last settings test", "created_at": "2024-06-13T13:29:00.304Z", "user": 1, "message": 65, "settings": 15}}, {"model": "mailapp.mailing", "pk": 56, "fields": {"title": "SEND_probe_5", "message_in": "SEND_probe_5", "created_at": "2024-06-13T14:30:49.513Z", "user": 1, "message": 70, "settings": 20}}, {"model": "mailapp.mailing", "pk": 57, "fields": {"title": "appsheduller", "message_in": "appsheduller проверка работоспособности хотя бы его", "created_at": "2024-06-14T12:35:28.577Z", "user": 1, "message": 71, "settings": 21}}, {"model": "mailapp.mailing", "pk": 58, "fields": {"title": "Crontab-проверка", "message_in": "Crontab-проверка работоспособности рассылки. Crontab все делает молча...", "created_at": "2024-06-15T06:04:40.100Z", "user": 1, "message": 72, "settings": 22}}, {"model": "mailapp.mailing", "pk": 60, "fields": {"title": "simple_user_mailing", "message_in": "message_in = models.TextField(verbose_name='описание', help_text='введите описание рассылки', **NULLABLE)", "created_at": "2024-06-18T13:56:43.032Z", "user": 17, "message": 73, "settings": 23}}, {"model": "mailapp.mailing", "pk": 61, "fields": {"title": "Список пользователей:", "message_in": "Список пользователей:", "created_at": "2024-06-18T19:19:58.764Z", "user": 17, "message": 74, "settings": 24}}, {"model": "mailapp.mailinglog", "pk": 45, "fields": {"log_text": "Change parameters 2024-06-13 12:44:19.130277+00:00", "mailing": 37, "created_at": "2024-06-13T12:44:19.130Z", "status": true, "mail_answer": "No sending, create or change"}}, {"model": "mailapp.mailinglog", "pk": 46, "fields": {"log_text": "Change parameters 2024-06-13 12:46:12.111529+00:00", "mailing": 38, "created_at": "2024-06-13T12:46:12.111Z", "status": true, "mail_answer": "No sending, create or change"}}, {"model": "mailapp.mailinglog", "pk": 47, "fields": {"log_text": "Change parameters 2024-06-13 12:49:26.930959+00:00", "mailing": 39, "created_at": "2024-06-13T12:49:26.931Z", "status": true, "mail_answer": "No sending, create or change"}}, {"model": "mailapp.mailinglog", "pk": 48, "fields": {"log_text": "Change parameters 2024-06-13 12:53:54.442978+00:00", "mailing": 40, "created_at": "2024-06-13T12:53:54.443Z", "status": true, "mail_answer": "No sending, create or change"}}, {"model": "mailapp.mailinglog", "pk": 49, "fields": {"log_text": "Change parameters 2024-06-13 12:54:38.792267+00:00", "mailing": 41, "created_at": "2024-06-13T12:54:38.792Z", "status": true, "mail_answer": "No sending, create or change"}}, {"model": "mailapp.mailinglog", "pk": 50, "fields": {"log_text": "Change parameters 2024-06-13 12:55:35.008128+00:00", "mailing": 42, "created_at": "2024-06-13T12:55:35.008Z", "status": true, "mail_answer": "No sending, create or change"}}, {"model": "mailapp.mailinglog", "pk": 51, "fields": {"log_text": "Change parameters 2024-06-13 12:57:41.582045+00:00", "mailing": 43, "created_at": "2024-06-13T12:57:41.582Z", "status": true, "mail_answer": "No sending, create or change"}}, {"model": "mailapp.mailinglog", "pk": 52, "fields": {"log_text": "Change parameters 2024-06-13 12:59:58.994559+00:00", "mailing": 44, "created_at": "2024-06-13T12:59:58.995Z", "status": true, "mail_answer": "No sending, create or change"}}, {"model": "mailapp.mailinglog", "pk": 53, "fields": {"log_text": "Change parameters 2024-06-13 13:00:43.619262+00:00", "mailing": 45, "created_at": "2024-06-13T13:00:43.619Z", "status": true, "mail_answer": "No sending, create or change"}}, {"model": "mailapp.mailinglog", "pk": 54, "fields": {"log_text": "Change parameters 2024-06-13 13:01:31.811675+00:00", "mailing": 46, "created_at": "2024-06-13T13:01:31.811Z", "status": true, "mail_answer": "No sending, create or change"}}, {"model": "mailapp.mailinglog", "pk": 55, "fields": {"log_text": "Change parameters 2024-06-13 13:11:17.125678+00:00", "mailing": 47, "created_at": "2024-06-13T13:11:17.126Z", "status": true, "mail_answer": "No sending, create or change"}}, {"model": "mailapp.mailinglog", "pk": 56, "fields": {"log_text": "Change parameters 2024-06-13 13:14:40.721674+00:00", "mailing": 48, "created_at": "2024-06-13T13:14:40.721Z", "status": true, "mail_answer": "No sending, create or change"}}, {"model": "mailapp.mailinglog", "pk": 57, "fields": {"log_text": "Change parameters 2024-06-13 13:18:09.008261+00:00", "mailing": 49, "created_at": "2024-06-13T13:18:09.008Z", "status": true, "mail_answer": "No sending, create or change"}}, {"model": "mailapp.mailinglog", "pk": 58, "fields": {"log_text": "Change parameters 2024-06-13 13:25:37.393792+00:00", "mailing": 50, "created_at": "2024-06-13T13:25:37.394Z", "status": true, "mail_answer": "No sending, create or change"}}, {"model": "mailapp.mailinglog", "pk": 59, "fields": {"log_text": "Change parameters 2024-06-13 13:29:00.314389+00:00", "mailing": 51, "created_at": "2024-06-13T13:29:00.314Z", "status": true, "mail_answer": "No sending, create or change"}}, {"model": "mailapp.mailinglog", "pk": 60, "fields": {"log_text": "Change parameters 2024-06-13 14:02:50.983821+00:00", "mailing": 49, "created_at": "2024-06-13T14:02:50.984Z", "status": true, "mail_answer": "No sending, create or change"}}, {"model": "mailapp.mailinglog", "pk": 61, "fields": {"log_text": "Change parameters 2024-06-13 14:05:25.215029+00:00", "mailing": 49, "created_at": "2024-06-13T14:05:25.215Z", "status": true, "mail_answer": "No sending, create or change"}}, {"model": "mailapp.mailinglog", "pk": 62, "fields": {"log_text": "Change parameters 2024-06-13 14:30:49.523436+00:00", "mailing": 56, "created_at": "2024-06-13T14:30:49.523Z", "status": true, "mail_answer": "No sending, create or change"}}, {"model": "mailapp.mailinglog", "pk": 63, "fields": {"log_text": "Success!, time=2024-06-13 20:58:20.459311+00:00, mailing=SEND_probe_5, mail=shadowfish@yandex.ru", "mailing": 56, "created_at": "2024-06-13T20:58:20.459Z", "status": true, "mail_answer": "1"}}, {"model": "mailapp.mailinglog", "pk": 64, "fields": {"log_text": "Success!, time=2024-06-13 21:09:20.676938+00:00, mailing=SEND_probe_5, mail=shadowfish@yandex.ru", "mailing": 56, "created_at": "2024-06-13T21:09:20.677Z", "status": true, "mail_answer": "1"}}, {"model": "mailapp.mailinglog", "pk": 65, "fields": {"log_text": "Success!, time=2024-06-14 09:36:49.698336+00:00, mailing=SEND_probe_5, mail=shadowfish@yandex.ru", "mailing": 56, "created_at": "2024-06-14T09:36:49.698Z", "status": true, "mail_answer": "1"}}, {"model": "mailapp.mailinglog", "pk": 67, "fields": {"log_text": "Success!, time=2024-06-14 09:37:54.964334+00:00, mailing=last settings test, mail=last@ya.ru", "mailing": 51, "created_at": "2024-06-14T09:37:54.964Z", "status": true, "mail_answer": "1"}}, {"model": "mailapp.mailinglog", "pk": 70, "fields": {"log_text": "Success!, time=2024-06-14 09:38:37.072705+00:00, mailing=CHANGED изменено 2, mail=CHANGED@CHANGED.CHANGED", "mailing": 49, "created_at": "2024-06-14T09:38:37.073Z", "status": true, "mail_answer": "1"}}, {"model": "mailapp.mailinglog", "pk": 71, "fields": {"log_text": "Success!, time=2024-06-14 09:38:37.618127+00:00, mailing=CHANGED изменено 2, mail=www@yandex.ru", "mailing": 49, "created_at": "2024-06-14T09:38:37.618Z", "status": true, "mail_answer": "1"}}, {"model": "mailapp.mailinglog", "pk": 72, "fields": {"log_text": "Success!, time=2024-06-14 09:41:32.562610+00:00, mailing=CHANGED изменено 2, mail=CHANGED@CHANGED.CHANGED", "mailing": 49, "created_at": "2024-06-14T09:41:32.563Z", "status": true, "mail_answer": "1"}}, {"model": "mailapp.mailinglog", "pk": 73, "fields": {"log_text": "Success!, time=2024-06-14 09:41:33.148212+00:00, mailing=CHANGED изменено 2, mail=www@yandex.ru", "mailing": 49, "created_at": "2024-06-14T09:41:33.148Z", "status": true, "mail_answer": "1"}}, {"model": "mailapp.mailinglog", "pk": 75, "fields": {"log_text": "Change parameters 2024-06-14 10:02:14.326568+00:00", "mailing": 56, "created_at": "2024-06-14T10:02:14.326Z", "status": false, "mail_answer": "No sending, create or change"}}, {"model": "mailapp.mailinglog", "pk": 76, "fields": {"log_text": "Success!, time=2024-06-14 10:21:21.691434+00:00, mailing=SHITTTT!!, mail=SHITTTT@yandex.ru", "mailing": 50, "created_at": "2024-06-14T10:21:21.691Z", "status": true, "mail_answer": "1"}}, {"model": "mailapp.mailinglog", "pk": 77, "fields": {"log_text": "Change parameters 2024-06-14 10:42:30.668740+00:00", "mailing": 50, "created_at": "2024-06-14T10:42:30.669Z", "status": false, "mail_answer": "No sending, create or change"}}, {"model": "mailapp.mailinglog", "pk": 78, "fields": {"log_text": "Success!, time=2024-06-14 12:24:40.557903+00:00, mailing=SEND_probe_5, mail=shadowfish@yandex.ru", "mailing": 56, "created_at": "2024-06-14T12:24:40.558Z", "status": true, "mail_answer": "1"}}, {"model": "mailapp.mailinglog", "pk": 79, "fields": {"log_text": "Success!, time=2024-06-14 12:24:41.099676+00:00, mailing=SEND_probe_5, mail=acc4androidih@gmail.ru", "mailing": 56, "created_at": "2024-06-14T12:24:41.099Z", "status": true, "mail_answer": "1"}}, {"model": "mailapp.mailinglog", "pk": 80, "fields": {"log_text": "Success!, time=2024-06-14 12:24:41.470766+00:00, mailing=settings_test_2, mail=settings@yandex.ru", "mailing": 37, "created_at": "2024-06-14T12:24:41.471Z", "status": true, "mail_answer": "1"}}, {"model": "mailapp.mailinglog", "pk": 81, "fields": {"log_text": "Success!, time=2024-06-14 12:24:41.932729+00:00, mailing=settings_test_3, mail=settings@yandex.ru", "mailing": 38, "created_at": "2024-06-14T12:24:41.933Z", "status": true, "mail_answer": "1"}}, {"model": "mailapp.mailinglog", "pk": 82, "fields": {"log_text": "Success!, time=2024-06-14 12:24:42.375047+00:00, mailing=message_settings_update_2, mail=message@yandex.ru", "mailing": 39, "created_at": "2024-06-14T12:24:42.375Z", "status": true, "mail_answer": "1"}}, {"model": "mailapp.mailinglog", "pk": 83, "fields": {"log_text": "Success!, time=2024-06-14 12:24:42.770383+00:00, mailing=message_settings_update_3, mail=message@yandex.ru", "mailing": 40, "created_at": "2024-06-14T12:24:42.770Z", "status": true, "mail_answer": "1"}}, {"model": "mailapp.mailinglog", "pk": 84, "fields": {"log_text": "Success!, time=2024-06-14 12:24:43.276429+00:00, mailing=message_settings_update_5, mail=message@yandex.ru", "mailing": 42, "created_at": "2024-06-14T12:24:43.276Z", "status": true, "mail_answer": "1"}}, {"model": "mailapp.mailinglog", "pk": 85, "fields": {"log_text": "Success!, time=2024-06-14 12:24:43.742478+00:00, mailing=message_settings_update_6, mail=message@yandex.ru", "mailing": 43, "created_at": "2024-06-14T12:24:43.742Z", "status": true, "mail_answer": "1"}}, {"model": "mailapp.mailinglog", "pk": 86, "fields": {"log_text": "Success!, time=2024-06-14 12:24:44.199968+00:00, mailing=message_settings_update_7, mail=message@yandex.ru", "mailing": 44, "created_at": "2024-06-14T12:24:44.200Z", "status": true, "mail_answer": "1"}}, {"model": "mailapp.mailinglog", "pk": 87, "fields": {"log_text": "Success!, time=2024-06-14 12:24:44.716619+00:00, mailing=message_settings_update_9, mail=message@yandex.ru", "mailing": 46, "created_at": "2024-06-14T12:24:44.716Z", "status": true, "mail_answer": "1"}}, {"model": "mailapp.mailinglog", "pk": 88, "fields": {"log_text": "Success!, time=2024-06-14 12:24:45.190267+00:00, mailing=mailing_1, mail=mailing@yandex.ru", "mailing": 48, "created_at": "2024-06-14T12:24:45.190Z", "status": true, "mail_answer": "1"}}, {"model": "mailapp.mailinglog", "pk": 89, "fields": {"log_text": "Change parameters 2024-06-14 12:35:28.590293+00:00", "mailing": 57, "created_at": "2024-06-14T12:35:28.590Z", "status": false, "mail_answer": "No sending, create or change"}}, {"model": "mailapp.mailinglog", "pk": 90, "fields": {"log_text": "Success!, time=2024-06-14 12:35:49.352921+00:00, mailing=appsheduller, mail=shadowfish@yandex.ru", "mailing": 57, "created_at": "2024-06-14T12:35:49.354Z", "status": true, "mail_answer": "1"}}, {"model": "mailapp.mailinglog", "pk": 91, "fields": {"log_text": "Success!, time=2024-06-14 19:50:02.345602+00:00, mailing=SEND_probe_5, mail=shadowfish@yandex.ru", "mailing": 56, "created_at": "2024-06-14T19:50:02.346Z", "status": true, "mail_answer": "1"}}, {"model": "mailapp.mailinglog", "pk": 92, "fields": {"log_text": "Success!, time=2024-06-14 19:50:02.890294+00:00, mailing=SEND_probe_5, mail=acc4androidih@gmail.ru", "mailing": 56, "created_at": "2024-06-14T19:50:02.890Z", "status": true, "mail_answer": "1"}}, {"model": "mailapp.mailinglog", "pk": 93, "fields": {"log_text": "Success!, time=2024-06-14 19:50:03.301242+00:00, mailing=appsheduller, mail=shadowfish@yandex.ru", "mailing": 57, "created_at": "2024-06-14T19:50:03.301Z", "status": true, "mail_answer": "1"}}, {"model": "mailapp.mailinglog", "pk": 94, "fields": {"log_text": "Success!, time=2024-06-14 19:50:03.712192+00:00, mailing=settings_test_2, mail=settings@yandex.ru", "mailing": 37, "created_at": "2024-06-14T19:50:03.712Z", "status": true, "mail_answer": "1"}}, {"model": "mailapp.mailinglog", "pk": 95, "fields": {"log_text": "Success!, time=2024-06-14 19:50:04.164647+00:00, mailing=settings_test_3, mail=settings@yandex.ru", "mailing": 38, "created_at": "2024-06-14T19:50:04.165Z", "status": true, "mail_answer": "1"}}, {"model": "mailapp.mailinglog", "pk": 96, "fields": {"log_text": "Success!, time=2024-06-14 19:50:04.648818+00:00, mailing=message_settings_update_2, mail=message@yandex.ru", "mailing": 39, "created_at": "2024-06-14T19:50:04.649Z", "status": true, "mail_answer": "1"}}, {"model": "mailapp.mailinglog", "pk": 97, "fields": {"log_text": "Success!, time=2024-06-14 19:50:05.165613+00:00, mailing=message_settings_update_3, mail=message@yandex.ru", "mailing": 40, "created_at": "2024-06-14T19:50:05.165Z", "status": true, "mail_answer": "1"}}, {"model": "mailapp.mailinglog", "pk": 98, "fields": {"log_text": "Success!, time=2024-06-14 19:50:05.651706+00:00, mailing=message_settings_update_5, mail=message@yandex.ru", "mailing": 42, "created_at": "2024-06-14T19:50:05.652Z", "status": true, "mail_answer": "1"}}, {"model": "mailapp.mailinglog", "pk": 99, "fields": {"log_text": "Success!, time=2024-06-14 19:50:06.118084+00:00, mailing=message_settings_update_6, mail=message@yandex.ru", "mailing": 43, "created_at": "2024-06-14T19:50:06.118Z", "status": true, "mail_answer": "1"}}, {"model": "mailapp.mailinglog", "pk": 100, "fields": {"log_text": "Success!, time=2024-06-14 19:50:06.521809+00:00, mailing=message_settings_update_7, mail=message@yandex.ru", "mailing": 44, "created_at": "2024-06-14T19:50:06.522Z", "status": true, "mail_answer": "1"}}, {"model": "mailapp.mailinglog", "pk": 101, "fields": {"log_text": "Success!, time=2024-06-14 19:50:06.985562+00:00, mailing=message_settings_update_9, mail=message@yandex.ru", "mailing": 46, "created_at": "2024-06-14T19:50:06.985Z", "status": true, "mail_answer": "1"}}, {"model": "mailapp.mailinglog", "pk": 102, "fields": {"log_text": "Success!, time=2024-06-14 19:50:07.543756+00:00, mailing=mailing_1, mail=mailing@yandex.ru", "mailing": 48, "created_at": "2024-06-14T19:50:07.544Z", "status": true, "mail_answer": "1"}}, {"model": "mailapp.mailinglog", "pk": 103, "fields": {"log_text": "Success!, time=2024-06-15 04:15:05.019080+00:00, mailing=SEND_probe_5, mail=shadowfish@yandex.ru", "mailing": 56, "created_at": "2024-06-15T04:15:05.019Z", "status": true, "mail_answer": "1"}}, {"model": "mailapp.mailinglog", "pk": 104, "fields": {"log_text": "Success!, time=2024-06-15 04:15:09.330490+00:00, mailing=SEND_probe_5, mail=acc4androidih@gmail.ru", "mailing": 56, "created_at": "2024-06-15T04:15:09.330Z", "status": true, "mail_answer": "1"}}, {"model": "mailapp.mailinglog", "pk": 105, "fields": {"log_text": "Success!, time=2024-06-15 04:15:09.691489+00:00, mailing=appsheduller, mail=shadowfish@yandex.ru", "mailing": 57, "created_at": "2024-06-15T04:15:09.691Z", "status": true, "mail_answer": "1"}}, {"model": "mailapp.mailinglog", "pk": 106, "fields": {"log_text": "Success!, time=2024-06-15 04:15:10.113241+00:00, mailing=settings_test_2, mail=settings@yandex.ru", "mailing": 37, "created_at": "2024-06-15T04:15:10.113Z", "status": true, "mail_answer": "1"}}, {"model": "mailapp.mailinglog", "pk": 107, "fields": {"log_text": "Success!, time=2024-06-15 04:15:10.611334+00:00, mailing=settings_test_3, mail=settings@yandex.ru", "mailing": 38, "created_at": "2024-06-15T04:15:10.611Z", "status": true, "mail_answer": "1"}}, {"model": "mailapp.mailinglog", "pk": 108, "fields": {"log_text": "Success!, time=2024-06-15 04:15:11.049735+00:00, mailing=message_settings_update_2, mail=message@yandex.ru", "mailing": 39, "created_at": "2024-06-15T04:15:11.050Z", "status": true, "mail_answer": "1"}}, {"model": "mailapp.mailinglog", "pk": 109, "fields": {"log_text": "Success!, time=2024-06-15 04:15:11.627412+00:00, mailing=message_settings_update_3, mail=message@yandex.ru", "mailing": 40, "created_at": "2024-06-15T04:15:11.627Z", "status": true, "mail_answer": "1"}}, {"model": "mailapp.mailinglog", "pk": 110, "fields": {"log_text": "Success!, time=2024-06-15 04:15:12.212170+00:00, mailing=message_settings_update_5, mail=message@yandex.ru", "mailing": 42, "created_at": "2024-06-15T04:15:12.212Z", "status": true, "mail_answer": "1"}}, {"model": "mailapp.mailinglog", "pk": 111, "fields": {"log_text": "Success!, time=2024-06-15 04:15:12.660011+00:00, mailing=message_settings_update_6, mail=message@yandex.ru", "mailing": 43, "created_at": "2024-06-15T04:15:12.660Z", "status": true, "mail_answer": "1"}}, {"model": "mailapp.mailinglog", "pk": 112, "fields": {"log_text": "Success!, time=2024-06-15 04:15:13.268350+00:00, mailing=message_settings_update_7, mail=message@yandex.ru", "mailing": 44, "created_at": "2024-06-15T04:15:13.268Z", "status": true, "mail_answer": "1"}}, {"model": "mailapp.mailinglog", "pk": 113, "fields": {"log_text": "Success!, time=2024-06-15 04:15:13.721323+00:00, mailing=message_settings_update_9, mail=message@yandex.ru", "mailing": 46, "created_at": "2024-06-15T04:15:13.721Z", "status": true, "mail_answer": "1"}}, {"model": "mailapp.mailinglog", "pk": 114, "fields": {"log_text": "Success!, time=2024-06-15 04:15:14.273812+00:00, mailing=mailing_1, mail=mailing@yandex.ru", "mailing": 48, "created_at": "2024-06-15T04:15:14.274Z", "status": true, "mail_answer": "1"}}, {"model": "mailapp.mailinglog", "pk": 115, "fields": {"log_text": "Success!, time=2024-06-15 05:55:02.487802+00:00, mailing=SEND_probe_5, mail=shadowfish@yandex.ru", "mailing": 56, "created_at": "2024-06-15T05:55:02.488Z", "status": true, "mail_answer": "1"}}, {"model": "mailapp.mailinglog", "pk": 116, "fields": {"log_text": "Success!, time=2024-06-15 05:55:03.029090+00:00, mailing=SEND_probe_5, mail=acc4androidih@gmail.ru", "mailing": 56, "created_at": "2024-06-15T05:55:03.029Z", "status": true, "mail_answer": "1"}}, {"model": "mailapp.mailinglog", "pk": 117, "fields": {"log_text": "Success!, time=2024-06-15 05:55:03.478821+00:00, mailing=appsheduller, mail=shadowfish@yandex.ru", "mailing": 57, "created_at": "2024-06-15T05:55:03.479Z", "status": true, "mail_answer": "1"}}, {"model": "mailapp.mailinglog", "pk": 118, "fields": {"log_text": "Success!, time=2024-06-15 05:55:03.835045+00:00, mailing=settings_test_2, mail=settings@yandex.ru", "mailing": 37, "created_at": "2024-06-15T05:55:03.835Z", "status": true, "mail_answer": "1"}}, {"model": "mailapp.mailinglog", "pk": 119, "fields": {"log_text": "Success!, time=2024-06-15 05:55:04.349017+00:00, mailing=settings_test_3, mail=settings@yandex.ru", "mailing": 38, "created_at": "2024-06-15T05:55:04.349Z", "status": true, "mail_answer": "1"}}, {"model": "mailapp.mailinglog", "pk": 120, "fields": {"log_text": "Success!, time=2024-06-15 05:55:04.829285+00:00, mailing=message_settings_update_2, mail=message@yandex.ru", "mailing": 39, "created_at": "2024-06-15T05:55:04.829Z", "status": true, "mail_answer": "1"}}, {"model": "mailapp.mailinglog", "pk": 121, "fields": {"log_text": "Success!, time=2024-06-15 05:55:05.370315+00:00, mailing=message_settings_update_3, mail=message@yandex.ru", "mailing": 40, "created_at": "2024-06-15T05:55:05.370Z", "status": true, "mail_answer": "1"}}, {"model": "mailapp.mailinglog", "pk": 122, "fields": {"log_text": "Success!, time=2024-06-15 05:55:05.871249+00:00, mailing=message_settings_update_5, mail=message@yandex.ru", "mailing": 42, "created_at": "2024-06-15T05:55:05.871Z", "status": true, "mail_answer": "1"}}, {"model": "mailapp.mailinglog", "pk": 123, "fields": {"log_text": "Success!, time=2024-06-15 05:55:06.387135+00:00, mailing=message_settings_update_6, mail=message@yandex.ru", "mailing": 43, "created_at": "2024-06-15T05:55:06.387Z", "status": true, "mail_answer": "1"}}, {"model": "mailapp.mailinglog", "pk": 124, "fields": {"log_text": "Success!, time=2024-06-15 05:55:06.860313+00:00, mailing=message_settings_update_7, mail=message@yandex.ru", "mailing": 44, "created_at": "2024-06-15T05:55:06.860Z", "status": true, "mail_answer": "1"}}, {"model": "mailapp.mailinglog", "pk": 125, "fields": {"log_text": "Success!, time=2024-06-15 05:55:07.385473+00:00, mailing=message_settings_update_9, mail=message@yandex.ru", "mailing": 46, "created_at": "2024-06-15T05:55:07.385Z", "status": true, "mail_answer": "1"}}, {"model": "mailapp.mailinglog", "pk": 126, "fields": {"log_text": "Success!, time=2024-06-15 05:55:07.876158+00:00, mailing=mailing_1, mail=mailing@yandex.ru", "mailing": 48, "created_at": "2024-06-15T05:55:07.876Z", "status": true, "mail_answer": "1"}}, {"model": "mailapp.mailinglog", "pk": 127, "fields": {"log_text": "Change parameters 2024-06-15 06:04:40.112240+00:00", "mailing": 58, "created_at": "2024-06-15T06:04:40.112Z", "status": false, "mail_answer": "No sending, create or change"}}, {"model": "mailapp.mailinglog", "pk": 128, "fields": {"log_text": "Success!, time=2024-06-15 06:05:01.959006+00:00, mailing=Crontab-проверка, mail=shadowfish@yandex.ru", "mailing": 58, "created_at": "2024-06-15T06:05:01.959Z", "status": true, "mail_answer": "1"}}, {"model": "mailapp.mailinglog", "pk": 129, "fields": {"log_text": "Success!, time=2024-06-15 07:00:02.825962+00:00, mailing=SEND_probe_5, mail=shadowfish@yandex.ru", "mailing": 56, "created_at": "2024-06-15T07:00:02.826Z", "status": true, "mail_answer": "1"}}, {"model": "mailapp.mailinglog", "pk": 130, "fields": {"log_text": "Success!, time=2024-06-15 07:00:03.457942+00:00, mailing=SEND_probe_5, mail=acc4androidih@gmail.ru", "mailing": 56, "created_at": "2024-06-15T07:00:03.458Z", "status": true, "mail_answer": "1"}}, {"model": "mailapp.mailinglog", "pk": 131, "fields": {"log_text": "Success!, time=2024-06-15 07:00:03.847852+00:00, mailing=appsheduller, mail=shadowfish@yandex.ru", "mailing": 57, "created_at": "2024-06-15T07:00:03.848Z", "status": true, "mail_answer": "1"}}, {"model": "mailapp.mailinglog", "pk": 132, "fields": {"log_text": "Success!, time=2024-06-15 07:00:04.347745+00:00, mailing=settings_test_2, mail=settings@yandex.ru", "mailing": 37, "created_at": "2024-06-15T07:00:04.348Z", "status": true, "mail_answer": "1"}}, {"model": "mailapp.mailinglog", "pk": 133, "fields": {"log_text": "Success!, time=2024-06-15 07:00:04.828949+00:00, mailing=settings_test_3, mail=settings@yandex.ru", "mailing": 38, "created_at": "2024-06-15T07:00:04.829Z", "status": true, "mail_answer": "1"}}, {"model": "mailapp.mailinglog", "pk": 134, "fields": {"log_text": "Success!, time=2024-06-15 07:00:05.231533+00:00, mailing=message_settings_update_2, mail=message@yandex.ru", "mailing": 39, "created_at": "2024-06-15T07:00:05.231Z", "status": true, "mail_answer": "1"}}, {"model": "mailapp.mailinglog", "pk": 135, "fields": {"log_text": "Success!, time=2024-06-15 07:00:05.777824+00:00, mailing=message_settings_update_3, mail=message@yandex.ru", "mailing": 40, "created_at": "2024-06-15T07:00:05.778Z", "status": true, "mail_answer": "1"}}, {"model": "mailapp.mailinglog", "pk": 136, "fields": {"log_text": "Success!, time=2024-06-15 07:00:06.258431+00:00, mailing=message_settings_update_5, mail=message@yandex.ru", "mailing": 42, "created_at": "2024-06-15T07:00:06.258Z", "status": true, "mail_answer": "1"}}, {"model": "mailapp.mailinglog", "pk": 137, "fields": {"log_text": "Success!, time=2024-06-15 07:00:06.659513+00:00, mailing=message_settings_update_6, mail=message@yandex.ru", "mailing": 43, "created_at": "2024-06-15T07:00:06.659Z", "status": true, "mail_answer": "1"}}, {"model": "mailapp.mailinglog", "pk": 138, "fields": {"log_text": "Success!, time=2024-06-15 07:00:07.079231+00:00, mailing=message_settings_update_7, mail=message@yandex.ru", "mailing": 44, "created_at": "2024-06-15T07:00:07.079Z", "status": true, "mail_answer": "1"}}, {"model": "mailapp.mailinglog", "pk": 139, "fields": {"log_text": "Success!, time=2024-06-15 07:00:07.448228+00:00, mailing=message_settings_update_9, mail=message@yandex.ru", "mailing": 46, "created_at": "2024-06-15T07:00:07.448Z", "status": true, "mail_answer": "1"}}, {"model": "mailapp.mailinglog", "pk": 140, "fields": {"log_text": "Success!, time=2024-06-15 07:00:07.928862+00:00, mailing=mailing_1, mail=mailing@yandex.ru", "mailing": 48, "created_at": "2024-06-15T07:00:07.929Z", "status": true, "mail_answer": "1"}}, {"model": "mailapp.mailinglog", "pk": 141, "fields": {"log_text": "Success!, time=2024-06-16 16:05:04.537383+00:00, mailing=SEND_probe_5, mail=shadowfish@yandex.ru", "mailing": 56, "created_at": "2024-06-16T16:05:04.538Z", "status": true, "mail_answer": "1"}}, {"model": "mailapp.mailinglog", "pk": 142, "fields": {"log_text": "Success!, time=2024-06-16 16:05:05.182534+00:00, mailing=SEND_probe_5, mail=acc4androidih@gmail.ru", "mailing": 56, "created_at": "2024-06-16T16:05:05.183Z", "status": true, "mail_answer": "1"}}, {"model": "mailapp.mailinglog", "pk": 143, "fields": {"log_text": "Success!, time=2024-06-16 16:05:05.706326+00:00, mailing=appsheduller, mail=shadowfish@yandex.ru", "mailing": 57, "created_at": "2024-06-16T16:05:05.706Z", "status": true, "mail_answer": "1"}}, {"model": "mailapp.mailinglog", "pk": 144, "fields": {"log_text": "Success!, time=2024-06-16 16:05:06.756512+00:00, mailing=Crontab-проверка, mail=shadowfish@yandex.ru", "mailing": 58, "created_at": "2024-06-16T16:05:06.756Z", "status": true, "mail_answer": "1"}}, {"model": "mailapp.mailinglog", "pk": 145, "fields": {"log_text": "Success!, time=2024-06-16 16:05:07.356454+00:00, mailing=settings_test_2, mail=settings@yandex.ru", "mailing": 37, "created_at": "2024-06-16T16:05:07.356Z", "status": true, "mail_answer": "1"}}, {"model": "mailapp.mailinglog", "pk": 146, "fields": {"log_text": "Success!, time=2024-06-16 16:05:07.919117+00:00, mailing=settings_test_3, mail=settings@yandex.ru", "mailing": 38, "created_at": "2024-06-16T16:05:07.919Z", "status": true, "mail_answer": "1"}}, {"model": "mailapp.mailinglog", "pk": 147, "fields": {"log_text": "Success!, time=2024-06-16 16:05:08.308139+00:00, mailing=message_settings_update_2, mail=message@yandex.ru", "mailing": 39, "created_at": "2024-06-16T16:05:08.308Z", "status": true, "mail_answer": "1"}}, {"model": "mailapp.mailinglog", "pk": 148, "fields": {"log_text": "Success!, time=2024-06-16 16:05:08.842584+00:00, mailing=message_settings_update_3, mail=message@yandex.ru", "mailing": 40, "created_at": "2024-06-16T16:05:08.843Z", "status": true, "mail_answer": "1"}}, {"model": "mailapp.mailinglog", "pk": 149, "fields": {"log_text": "Success!, time=2024-06-16 16:05:09.394528+00:00, mailing=message_settings_update_5, mail=message@yandex.ru", "mailing": 42, "created_at": "2024-06-16T16:05:09.395Z", "status": true, "mail_answer": "1"}}, {"model": "mailapp.mailinglog", "pk": 150, "fields": {"log_text": "Success!, time=2024-06-16 16:05:09.799327+00:00, mailing=message_settings_update_6, mail=message@yandex.ru", "mailing": 43, "created_at": "2024-06-16T16:05:09.799Z", "status": true, "mail_answer": "1"}}, {"model": "mailapp.mailinglog", "pk": 151, "fields": {"log_text": "Success!, time=2024-06-16 16:05:10.380063+00:00, mailing=message_settings_update_7, mail=message@yandex.ru", "mailing": 44, "created_at": "2024-06-16T16:05:10.380Z", "status": true, "mail_answer": "1"}}, {"model": "mailapp.mailinglog", "pk": 152, "fields": {"log_text": "Success!, time=2024-06-16 16:05:10.778266+00:00, mailing=message_settings_update_9, mail=message@yandex.ru", "mailing": 46, "created_at": "2024-06-16T16:05:10.778Z", "status": true, "mail_answer": "1"}}, {"model": "mailapp.mailinglog", "pk": 153, "fields": {"log_text": "Success!, time=2024-06-16 16:05:11.277653+00:00, mailing=mailing_1, mail=mailing@yandex.ru", "mailing": 48, "created_at": "2024-06-16T16:05:11.278Z", "status": true, "mail_answer": "1"}}, {"model": "mailapp.mailinglog", "pk": 154, "fields": {"log_text": "Success!, time=2024-06-16 17:10:02.538532+00:00, mailing=SEND_probe_5, mail=shadowfish@yandex.ru", "mailing": 56, "created_at": "2024-06-16T17:10:02.538Z", "status": true, "mail_answer": "1"}}, {"model": "mailapp.mailinglog", "pk": 155, "fields": {"log_text": "Success!, time=2024-06-16 17:10:03.065688+00:00, mailing=SEND_probe_5, mail=acc4androidih@gmail.ru", "mailing": 56, "created_at": "2024-06-16T17:10:03.065Z", "status": true, "mail_answer": "1"}}, {"model": "mailapp.mailinglog", "pk": 156, "fields": {"log_text": "Success!, time=2024-06-16 17:10:03.575004+00:00, mailing=appsheduller, mail=shadowfish@yandex.ru", "mailing": 57, "created_at": "2024-06-16T17:10:03.575Z", "status": true, "mail_answer": "1"}}, {"model": "mailapp.mailinglog", "pk": 157, "fields": {"log_text": "Success!, time=2024-06-16 17:10:04.122300+00:00, mailing=Crontab-проверка, mail=shadowfish@yandex.ru", "mailing": 58, "created_at": "2024-06-16T17:10:04.122Z", "status": true, "mail_answer": "1"}}, {"model": "mailapp.mailinglog", "pk": 158, "fields": {"log_text": "Success!, time=2024-06-16 17:10:04.585257+00:00, mailing=settings_test_2, mail=settings@yandex.ru", "mailing": 37, "created_at": "2024-06-16T17:10:04.585Z", "status": true, "mail_answer": "1"}}, {"model": "mailapp.mailinglog", "pk": 159, "fields": {"log_text": "Success!, time=2024-06-16 17:10:04.981554+00:00, mailing=settings_test_3, mail=settings@yandex.ru", "mailing": 38, "created_at": "2024-06-16T17:10:04.981Z", "status": true, "mail_answer": "1"}}, {"model": "mailapp.mailinglog", "pk": 160, "fields": {"log_text": "Success!, time=2024-06-16 17:10:05.449283+00:00, mailing=message_settings_update_2, mail=message@yandex.ru", "mailing": 39, "created_at": "2024-06-16T17:10:05.449Z", "status": true, "mail_answer": "1"}}, {"model": "mailapp.mailinglog", "pk": 161, "fields": {"log_text": "Success!, time=2024-06-16 17:10:05.872913+00:00, mailing=message_settings_update_3, mail=message@yandex.ru", "mailing": 40, "created_at": "2024-06-16T17:10:05.873Z", "status": true, "mail_answer": "1"}}, {"model": "mailapp.mailinglog", "pk": 162, "fields": {"log_text": "Success!, time=2024-06-16 17:10:06.284000+00:00, mailing=message_settings_update_5, mail=message@yandex.ru", "mailing": 42, "created_at": "2024-06-16T17:10:06.284Z", "status": true, "mail_answer": "1"}}, {"model": "mailapp.mailinglog", "pk": 163, "fields": {"log_text": "Success!, time=2024-06-16 17:10:06.760216+00:00, mailing=message_settings_update_6, mail=message@yandex.ru", "mailing": 43, "created_at": "2024-06-16T17:10:06.760Z", "status": true, "mail_answer": "1"}}, {"model": "mailapp.mailinglog", "pk": 164, "fields": {"log_text": "Success!, time=2024-06-16 17:10:07.314408+00:00, mailing=message_settings_update_7, mail=message@yandex.ru", "mailing": 44, "created_at": "2024-06-16T17:10:07.314Z", "status": true, "mail_answer": "1"}}, {"model": "mailapp.mailinglog", "pk": 165, "fields": {"log_text": "Success!, time=2024-06-16 17:10:07.762953+00:00, mailing=message_settings_update_9, mail=message@yandex.ru", "mailing": 46, "created_at": "2024-06-16T17:10:07.763Z", "status": true, "mail_answer": "1"}}, {"model": "mailapp.mailinglog", "pk": 166, "fields": {"log_text": "Success!, time=2024-06-16 17:10:08.229352+00:00, mailing=mailing_1, mail=mailing@yandex.ru", "mailing": 48, "created_at": "2024-06-16T17:10:08.229Z", "status": true, "mail_answer": "1"}}, {"model": "mailapp.mailinglog", "pk": 167, "fields": {"log_text": "Success!, time=2024-06-16 18:20:02.834844+00:00, mailing=SEND_probe_5, mail=shadowfish@yandex.ru", "mailing": 56, "created_at": "2024-06-16T18:20:02.835Z", "status": true, "mail_answer": "1"}}, {"model": "mailapp.mailinglog", "pk": 168, "fields": {"log_text": "Success!, time=2024-06-16 18:20:03.270834+00:00, mailing=SEND_probe_5, mail=acc4androidih@gmail.ru", "mailing": 56, "created_at": "2024-06-16T18:20:03.271Z", "status": true, "mail_answer": "1"}}, {"model": "mailapp.mailinglog", "pk": 169, "fields": {"log_text": "Success!, time=2024-06-16 18:20:03.691342+00:00, mailing=appsheduller, mail=shadowfish@yandex.ru", "mailing": 57, "created_at": "2024-06-16T18:20:03.691Z", "status": true, "mail_answer": "1"}}, {"model": "mailapp.mailinglog", "pk": 170, "fields": {"log_text": "Success!, time=2024-06-16 18:20:04.184288+00:00, mailing=Crontab-проверка, mail=shadowfish@yandex.ru", "mailing": 58, "created_at": "2024-06-16T18:20:04.184Z", "status": true, "mail_answer": "1"}}, {"model": "mailapp.mailinglog", "pk": 171, "fields": {"log_text": "Success!, time=2024-06-16 18:20:04.581582+00:00, mailing=settings_test_2, mail=settings@yandex.ru", "mailing": 37, "created_at": "2024-06-16T18:20:04.581Z", "status": true, "mail_answer": "1"}}, {"model": "mailapp.mailinglog", "pk": 172, "fields": {"log_text": "Success!, time=2024-06-16 18:20:04.983906+00:00, mailing=settings_test_3, mail=settings@yandex.ru", "mailing": 38, "created_at": "2024-06-16T18:20:04.984Z", "status": true, "mail_answer": "1"}}, {"model": "mailapp.mailinglog", "pk": 173, "fields": {"log_text": "Success!, time=2024-06-16 18:20:05.519376+00:00, mailing=message_settings_update_2, mail=message@yandex.ru", "mailing": 39, "created_at": "2024-06-16T18:20:05.519Z", "status": true, "mail_answer": "1"}}, {"model": "mailapp.mailinglog", "pk": 174, "fields": {"log_text": "Success!, time=2024-06-16 18:20:05.996916+00:00, mailing=message_settings_update_3, mail=message@yandex.ru", "mailing": 40, "created_at": "2024-06-16T18:20:05.997Z", "status": true, "mail_answer": "1"}}, {"model": "mailapp.mailinglog", "pk": 175, "fields": {"log_text": "Success!, time=2024-06-16 18:20:06.481149+00:00, mailing=message_settings_update_5, mail=message@yandex.ru", "mailing": 42, "created_at": "2024-06-16T18:20:06.481Z", "status": true, "mail_answer": "1"}}, {"model": "mailapp.mailinglog", "pk": 176, "fields": {"log_text": "Success!, time=2024-06-16 18:20:06.859491+00:00, mailing=message_settings_update_6, mail=message@yandex.ru", "mailing": 43, "created_at": "2024-06-16T18:20:06.859Z", "status": true, "mail_answer": "1"}}, {"model": "mailapp.mailinglog", "pk": 177, "fields": {"log_text": "Success!, time=2024-06-16 18:20:07.235386+00:00, mailing=message_settings_update_7, mail=message@yandex.ru", "mailing": 44, "created_at": "2024-06-16T18:20:07.235Z", "status": true, "mail_answer": "1"}}, {"model": "mailapp.mailinglog", "pk": 178, "fields": {"log_text": "Success!, time=2024-06-16 18:20:07.791427+00:00, mailing=message_settings_update_9, mail=message@yandex.ru", "mailing": 46, "created_at": "2024-06-16T18:20:07.792Z", "status": true, "mail_answer": "1"}}, {"model": "mailapp.mailinglog", "pk": 179, "fields": {"log_text": "Success!, time=2024-06-16 18:20:08.354305+00:00, mailing=mailing_1, mail=mailing@yandex.ru", "mailing": 48, "created_at": "2024-06-16T18:20:08.354Z", "status": true, "mail_answer": "1"}}, {"model": "mailapp.mailinglog", "pk": 180, "fields": {"log_text": "Success!, time=2024-06-16 19:25:05.585915+00:00, mailing=SEND_probe_5, mail=shadowfish@yandex.ru", "mailing": 56, "created_at": "2024-06-16T19:25:05.586Z", "status": true, "mail_answer": "1"}}, {"model": "mailapp.mailinglog", "pk": 181, "fields": {"log_text": "Success!, time=2024-06-16 19:25:06.135655+00:00, mailing=SEND_probe_5, mail=acc4androidih@gmail.ru", "mailing": 56, "created_at": "2024-06-16T19:25:06.135Z", "status": true, "mail_answer": "1"}}, {"model": "mailapp.mailinglog", "pk": 182, "fields": {"log_text": "Success!, time=2024-06-16 19:25:06.589556+00:00, mailing=appsheduller, mail=shadowfish@yandex.ru", "mailing": 57, "created_at": "2024-06-16T19:25:06.589Z", "status": true, "mail_answer": "1"}}, {"model": "mailapp.mailinglog", "pk": 183, "fields": {"log_text": "Success!, time=2024-06-16 19:25:07.227281+00:00, mailing=Crontab-проверка, mail=shadowfish@yandex.ru", "mailing": 58, "created_at": "2024-06-16T19:25:07.227Z", "status": true, "mail_answer": "1"}}, {"model": "mailapp.mailinglog", "pk": 184, "fields": {"log_text": "Success!, time=2024-06-16 19:25:07.865603+00:00, mailing=settings_test_2, mail=settings@yandex.ru", "mailing": 37, "created_at": "2024-06-16T19:25:07.865Z", "status": true, "mail_answer": "1"}}, {"model": "mailapp.mailinglog", "pk": 185, "fields": {"log_text": "Success!, time=2024-06-16 19:25:08.279304+00:00, mailing=settings_test_3, mail=settings@yandex.ru", "mailing": 38, "created_at": "2024-06-16T19:25:08.279Z", "status": true, "mail_answer": "1"}}, {"model": "mailapp.mailinglog", "pk": 186, "fields": {"log_text": "Success!, time=2024-06-16 19:25:08.789835+00:00, mailing=message_settings_update_2, mail=message@yandex.ru", "mailing": 39, "created_at": "2024-06-16T19:25:08.790Z", "status": true, "mail_answer": "1"}}, {"model": "mailapp.mailinglog", "pk": 187, "fields": {"log_text": "Success!, time=2024-06-16 19:25:09.257681+00:00, mailing=message_settings_update_3, mail=message@yandex.ru", "mailing": 40, "created_at": "2024-06-16T19:25:09.258Z", "status": true, "mail_answer": "1"}}, {"model": "mailapp.mailinglog", "pk": 188, "fields": {"log_text": "Success!, time=2024-06-16 19:25:09.674496+00:00, mailing=message_settings_update_5, mail=message@yandex.ru", "mailing": 42, "created_at": "2024-06-16T19:25:09.674Z", "status": true, "mail_answer": "1"}}, {"model": "mailapp.mailinglog", "pk": 189, "fields": {"log_text": "Success!, time=2024-06-16 19:25:10.066849+00:00, mailing=message_settings_update_6, mail=message@yandex.ru", "mailing": 43, "created_at": "2024-06-16T19:25:10.067Z", "status": true, "mail_answer": "1"}}, {"model": "mailapp.mailinglog", "pk": 190, "fields": {"log_text": "Success!, time=2024-06-16 19:25:10.553738+00:00, mailing=message_settings_update_7, mail=message@yandex.ru", "mailing": 44, "created_at": "2024-06-16T19:25:10.554Z", "status": true, "mail_answer": "1"}}, {"model": "mailapp.mailinglog", "pk": 191, "fields": {"log_text": "Success!, time=2024-06-16 19:25:10.978984+00:00, mailing=message_settings_update_9, mail=message@yandex.ru", "mailing": 46, "created_at": "2024-06-16T19:25:10.979Z", "status": true, "mail_answer": "1"}}, {"model": "mailapp.mailinglog", "pk": 192, "fields": {"log_text": "Success!, time=2024-06-16 19:25:11.491116+00:00, mailing=mailing_1, mail=mailing@yandex.ru", "mailing": 48, "created_at": "2024-06-16T19:25:11.491Z", "status": true, "mail_answer": "1"}}, {"model": "mailapp.mailinglog", "pk": 193, "fields": {"log_text": "Success!, time=2024-06-16 20:30:02.964151+00:00, mailing=SEND_probe_5, mail=shadowfish@yandex.ru", "mailing": 56, "created_at": "2024-06-16T20:30:02.964Z", "status": true, "mail_answer": "1"}}, {"model": "mailapp.mailinglog", "pk": 194, "fields": {"log_text": "Success!, time=2024-06-16 20:30:03.590410+00:00, mailing=SEND_probe_5, mail=acc4androidih@gmail.ru", "mailing": 56, "created_at": "2024-06-16T20:30:03.590Z", "status": true, "mail_answer": "1"}}, {"model": "mailapp.mailinglog", "pk": 195, "fields": {"log_text": "Success!, time=2024-06-16 20:30:04.043418+00:00, mailing=appsheduller, mail=shadowfish@yandex.ru", "mailing": 57, "created_at": "2024-06-16T20:30:04.043Z", "status": true, "mail_answer": "1"}}, {"model": "mailapp.mailinglog", "pk": 196, "fields": {"log_text": "Success!, time=2024-06-16 20:30:04.516921+00:00, mailing=Crontab-проверка, mail=shadowfish@yandex.ru", "mailing": 58, "created_at": "2024-06-16T20:30:04.517Z", "status": true, "mail_answer": "1"}}, {"model": "mailapp.mailinglog", "pk": 197, "fields": {"log_text": "Success!, time=2024-06-16 20:30:04.905711+00:00, mailing=settings_test_2, mail=settings@yandex.ru", "mailing": 37, "created_at": "2024-06-16T20:30:04.906Z", "status": true, "mail_answer": "1"}}, {"model": "mailapp.mailinglog", "pk": 198, "fields": {"log_text": "Success!, time=2024-06-16 20:30:05.459450+00:00, mailing=settings_test_3, mail=settings@yandex.ru", "mailing": 38, "created_at": "2024-06-16T20:30:05.459Z", "status": true, "mail_answer": "1"}}, {"model": "mailapp.mailinglog", "pk": 199, "fields": {"log_text": "Success!, time=2024-06-16 20:30:05.976110+00:00, mailing=message_settings_update_2, mail=message@yandex.ru", "mailing": 39, "created_at": "2024-06-16T20:30:05.976Z", "status": true, "mail_answer": "1"}}, {"model": "mailapp.mailinglog", "pk": 200, "fields": {"log_text": "Success!, time=2024-06-16 20:30:06.345962+00:00, mailing=message_settings_update_3, mail=message@yandex.ru", "mailing": 40, "created_at": "2024-06-16T20:30:06.346Z", "status": true, "mail_answer": "1"}}, {"model": "mailapp.mailinglog", "pk": 201, "fields": {"log_text": "Success!, time=2024-06-16 20:30:06.886170+00:00, mailing=message_settings_update_5, mail=message@yandex.ru", "mailing": 42, "created_at": "2024-06-16T20:30:06.886Z", "status": true, "mail_answer": "1"}}, {"model": "mailapp.mailinglog", "pk": 202, "fields": {"log_text": "Success!, time=2024-06-16 20:30:07.418934+00:00, mailing=message_settings_update_6, mail=message@yandex.ru", "mailing": 43, "created_at": "2024-06-16T20:30:07.419Z", "status": true, "mail_answer": "1"}}, {"model": "mailapp.mailinglog", "pk": 203, "fields": {"log_text": "Success!, time=2024-06-16 20:30:07.777121+00:00, mailing=message_settings_update_7, mail=message@yandex.ru", "mailing": 44, "created_at": "2024-06-16T20:30:07.777Z", "status": true, "mail_answer": "1"}}, {"model": "mailapp.mailinglog", "pk": 204, "fields": {"log_text": "Success!, time=2024-06-16 20:30:08.266046+00:00, mailing=message_settings_update_9, mail=message@yandex.ru", "mailing": 46, "created_at": "2024-06-16T20:30:08.266Z", "status": true, "mail_answer": "1"}}, {"model": "mailapp.mailinglog", "pk": 205, "fields": {"log_text": "Success!, time=2024-06-16 20:30:08.823091+00:00, mailing=mailing_1, mail=mailing@yandex.ru", "mailing": 48, "created_at": "2024-06-16T20:30:08.823Z", "status": true, "mail_answer": "1"}}, {"model": "mailapp.mailinglog", "pk": 206, "fields": {"log_text": "Change parameters 2024-06-16 21:28:00.218396+00:00", "mailing": 56, "created_at": "2024-06-16T21:28:00.218Z", "status": false, "mail_answer": "No sending, create or change"}}, {"model": "mailapp.mailinglog", "pk": 207, "fields": {"log_text": "Success!, time=2024-06-16 21:35:02.670977+00:00, mailing=appsheduller, mail=shadowfish@yandex.ru", "mailing": 57, "created_at": "2024-06-16T21:35:02.671Z", "status": true, "mail_answer": "1"}}, {"model": "mailapp.mailinglog", "pk": 208, "fields": {"log_text": "Success!, time=2024-06-16 21:35:03.200373+00:00, mailing=Crontab-проверка, mail=shadowfish@yandex.ru", "mailing": 58, "created_at": "2024-06-16T21:35:03.200Z", "status": true, "mail_answer": "1"}}, {"model": "mailapp.mailinglog", "pk": 209, "fields": {"log_text": "Success!, time=2024-06-16 21:35:03.683426+00:00, mailing=SEND_probe_5, mail=shadowfish@yandex.ru", "mailing": 56, "created_at": "2024-06-16T21:35:03.683Z", "status": true, "mail_answer": "1"}}, {"model": "mailapp.mailinglog", "pk": 210, "fields": {"log_text": "Success!, time=2024-06-16 21:35:04.187567+00:00, mailing=SEND_probe_5, mail=acc4androidih@gmail.ru", "mailing": 56, "created_at": "2024-06-16T21:35:04.187Z", "status": true, "mail_answer": "1"}}, {"model": "mailapp.mailinglog", "pk": 211, "fields": {"log_text": "Success!, time=2024-06-16 21:35:04.749886+00:00, mailing=settings_test_2, mail=settings@yandex.ru", "mailing": 37, "created_at": "2024-06-16T21:35:04.750Z", "status": true, "mail_answer": "1"}}, {"model": "mailapp.mailinglog", "pk": 212, "fields": {"log_text": "Success!, time=2024-06-16 21:35:05.290720+00:00, mailing=settings_test_3, mail=settings@yandex.ru", "mailing": 38, "created_at": "2024-06-16T21:35:05.291Z", "status": true, "mail_answer": "1"}}, {"model": "mailapp.mailinglog", "pk": 213, "fields": {"log_text": "Success!, time=2024-06-16 21:35:05.732048+00:00, mailing=message_settings_update_2, mail=message@yandex.ru", "mailing": 39, "created_at": "2024-06-16T21:35:05.732Z", "status": true, "mail_answer": "1"}}, {"model": "mailapp.mailinglog", "pk": 214, "fields": {"log_text": "Success!, time=2024-06-16 21:35:06.244025+00:00, mailing=message_settings_update_3, mail=message@yandex.ru", "mailing": 40, "created_at": "2024-06-16T21:35:06.244Z", "status": true, "mail_answer": "1"}}, {"model": "mailapp.mailinglog", "pk": 215, "fields": {"log_text": "Success!, time=2024-06-16 21:35:06.688580+00:00, mailing=message_settings_update_5, mail=message@yandex.ru", "mailing": 42, "created_at": "2024-06-16T21:35:06.688Z", "status": true, "mail_answer": "1"}}, {"model": "mailapp.mailinglog", "pk": 216, "fields": {"log_text": "Success!, time=2024-06-16 21:35:07.229284+00:00, mailing=message_settings_update_6, mail=message@yandex.ru", "mailing": 43, "created_at": "2024-06-16T21:35:07.229Z", "status": true, "mail_answer": "1"}}, {"model": "mailapp.mailinglog", "pk": 217, "fields": {"log_text": "Success!, time=2024-06-16 21:35:07.714537+00:00, mailing=message_settings_update_7, mail=message@yandex.ru", "mailing": 44, "created_at": "2024-06-16T21:35:07.714Z", "status": true, "mail_answer": "1"}}, {"model": "mailapp.mailinglog", "pk": 218, "fields": {"log_text": "Success!, time=2024-06-16 21:35:08.194691+00:00, mailing=message_settings_update_9, mail=message@yandex.ru", "mailing": 46, "created_at": "2024-06-16T21:35:08.195Z", "status": true, "mail_answer": "1"}}, {"model": "mailapp.mailinglog", "pk": 219, "fields": {"log_text": "Success!, time=2024-06-16 21:35:08.613152+00:00, mailing=mailing_1, mail=mailing@yandex.ru", "mailing": 48, "created_at": "2024-06-16T21:35:08.613Z", "status": true, "mail_answer": "1"}}, {"model": "mailapp.mailinglog", "pk": 220, "fields": {"log_text": "Success!, time=2024-06-17 05:45:02.551926+00:00, mailing=appsheduller, mail=shadowfish@yandex.ru", "mailing": 57, "created_at": "2024-06-17T05:45:02.552Z", "status": true, "mail_answer": "1"}}, {"model": "mailapp.mailinglog", "pk": 221, "fields": {"log_text": "Success!, time=2024-06-17 05:45:03.143190+00:00, mailing=Crontab-проверка, mail=shadowfish@yandex.ru", "mailing": 58, "created_at": "2024-06-17T05:45:03.143Z", "status": true, "mail_answer": "1"}}, {"model": "mailapp.mailinglog", "pk": 222, "fields": {"log_text": "Success!, time=2024-06-17 05:45:03.669546+00:00, mailing=SEND_probe_5, mail=shadowfish@yandex.ru", "mailing": 56, "created_at": "2024-06-17T05:45:03.669Z", "status": true, "mail_answer": "1"}}, {"model": "mailapp.mailinglog", "pk": 223, "fields": {"log_text": "Success!, time=2024-06-17 05:45:04.170586+00:00, mailing=SEND_probe_5, mail=acc4androidih@gmail.ru", "mailing": 56, "created_at": "2024-06-17T05:45:04.170Z", "status": true, "mail_answer": "1"}}, {"model": "mailapp.mailinglog", "pk": 224, "fields": {"log_text": "Success!, time=2024-06-17 05:45:04.625052+00:00, mailing=settings_test_2, mail=settings@yandex.ru", "mailing": 37, "created_at": "2024-06-17T05:45:04.625Z", "status": true, "mail_answer": "1"}}, {"model": "mailapp.mailinglog", "pk": 225, "fields": {"log_text": "Success!, time=2024-06-17 05:45:05.185381+00:00, mailing=settings_test_3, mail=settings@yandex.ru", "mailing": 38, "created_at": "2024-06-17T05:45:05.185Z", "status": true, "mail_answer": "1"}}, {"model": "mailapp.mailinglog", "pk": 226, "fields": {"log_text": "Success!, time=2024-06-17 05:45:05.643537+00:00, mailing=message_settings_update_2, mail=message@yandex.ru", "mailing": 39, "created_at": "2024-06-17T05:45:05.643Z", "status": true, "mail_answer": "1"}}, {"model": "mailapp.mailinglog", "pk": 227, "fields": {"log_text": "Success!, time=2024-06-17 05:45:06.224223+00:00, mailing=message_settings_update_3, mail=message@yandex.ru", "mailing": 40, "created_at": "2024-06-17T05:45:06.224Z", "status": true, "mail_answer": "1"}}, {"model": "mailapp.mailinglog", "pk": 228, "fields": {"log_text": "Success!, time=2024-06-17 05:45:06.685670+00:00, mailing=message_settings_update_5, mail=message@yandex.ru", "mailing": 42, "created_at": "2024-06-17T05:45:06.685Z", "status": true, "mail_answer": "1"}}, {"model": "mailapp.mailinglog", "pk": 229, "fields": {"log_text": "Success!, time=2024-06-17 05:45:07.153251+00:00, mailing=message_settings_update_6, mail=message@yandex.ru", "mailing": 43, "created_at": "2024-06-17T05:45:07.153Z", "status": true, "mail_answer": "1"}}, {"model": "mailapp.mailinglog", "pk": 230, "fields": {"log_text": "Success!, time=2024-06-17 05:45:07.662274+00:00, mailing=message_settings_update_7, mail=message@yandex.ru", "mailing": 44, "created_at": "2024-06-17T05:45:07.662Z", "status": true, "mail_answer": "1"}}, {"model": "mailapp.mailinglog", "pk": 231, "fields": {"log_text": "Success!, time=2024-06-17 05:45:08.127701+00:00, mailing=message_settings_update_9, mail=message@yandex.ru", "mailing": 46, "created_at": "2024-06-17T05:45:08.127Z", "status": true, "mail_answer": "1"}}, {"model": "mailapp.mailinglog", "pk": 232, "fields": {"log_text": "Success!, time=2024-06-17 05:45:08.616098+00:00, mailing=mailing_1, mail=mailing@yandex.ru", "mailing": 48, "created_at": "2024-06-17T05:45:08.616Z", "status": true, "mail_answer": "1"}}, {"model": "mailapp.mailinglog", "pk": 233, "fields": {"log_text": "Success!, time=2024-06-17 06:50:02.221837+00:00, mailing=appsheduller, mail=shadowfish@yandex.ru", "mailing": 57, "created_at": "2024-06-17T06:50:02.222Z", "status": true, "mail_answer": "1"}}, {"model": "mailapp.mailinglog", "pk": 234, "fields": {"log_text": "Success!, time=2024-06-17 06:50:02.874653+00:00, mailing=Crontab-проверка, mail=shadowfish@yandex.ru", "mailing": 58, "created_at": "2024-06-17T06:50:02.874Z", "status": true, "mail_answer": "1"}}, {"model": "mailapp.mailinglog", "pk": 235, "fields": {"log_text": "Success!, time=2024-06-17 06:50:03.461793+00:00, mailing=SEND_probe_5, mail=shadowfish@yandex.ru", "mailing": 56, "created_at": "2024-06-17T06:50:03.462Z", "status": true, "mail_answer": "1"}}, {"model": "mailapp.mailinglog", "pk": 236, "fields": {"log_text": "Success!, time=2024-06-17 06:50:04.573963+00:00, mailing=SEND_probe_5, mail=acc4androidih@gmail.ru", "mailing": 56, "created_at": "2024-06-17T06:50:04.574Z", "status": true, "mail_answer": "1"}}, {"model": "mailapp.mailinglog", "pk": 237, "fields": {"log_text": "Success!, time=2024-06-17 06:50:05.126491+00:00, mailing=settings_test_2, mail=settings@yandex.ru", "mailing": 37, "created_at": "2024-06-17T06:50:05.126Z", "status": true, "mail_answer": "1"}}, {"model": "mailapp.mailinglog", "pk": 238, "fields": {"log_text": "Success!, time=2024-06-17 06:50:05.687025+00:00, mailing=settings_test_3, mail=settings@yandex.ru", "mailing": 38, "created_at": "2024-06-17T06:50:05.687Z", "status": true, "mail_answer": "1"}}, {"model": "mailapp.mailinglog", "pk": 239, "fields": {"log_text": "Success!, time=2024-06-17 06:50:06.172345+00:00, mailing=message_settings_update_2, mail=message@yandex.ru", "mailing": 39, "created_at": "2024-06-17T06:50:06.172Z", "status": true, "mail_answer": "1"}}, {"model": "mailapp.mailinglog", "pk": 240, "fields": {"log_text": "Success!, time=2024-06-17 06:50:06.729694+00:00, mailing=message_settings_update_3, mail=message@yandex.ru", "mailing": 40, "created_at": "2024-06-17T06:50:06.730Z", "status": true, "mail_answer": "1"}}, {"model": "mailapp.mailinglog", "pk": 241, "fields": {"log_text": "Success!, time=2024-06-17 06:50:07.326042+00:00, mailing=message_settings_update_5, mail=message@yandex.ru", "mailing": 42, "created_at": "2024-06-17T06:50:07.326Z", "status": true, "mail_answer": "1"}}, {"model": "mailapp.mailinglog", "pk": 242, "fields": {"log_text": "Success!, time=2024-06-17 06:50:07.832125+00:00, mailing=message_settings_update_6, mail=message@yandex.ru", "mailing": 43, "created_at": "2024-06-17T06:50:07.832Z", "status": true, "mail_answer": "1"}}, {"model": "mailapp.mailinglog", "pk": 243, "fields": {"log_text": "Success!, time=2024-06-17 06:50:08.406479+00:00, mailing=message_settings_update_7, mail=message@yandex.ru", "mailing": 44, "created_at": "2024-06-17T06:50:08.406Z", "status": true, "mail_answer": "1"}}, {"model": "mailapp.mailinglog", "pk": 244, "fields": {"log_text": "Success!, time=2024-06-17 06:50:08.856237+00:00, mailing=message_settings_update_9, mail=message@yandex.ru", "mailing": 46, "created_at": "2024-06-17T06:50:08.856Z", "status": true, "mail_answer": "1"}}, {"model": "mailapp.mailinglog", "pk": 245, "fields": {"log_text": "Success!, time=2024-06-17 06:50:09.228571+00:00, mailing=mailing_1, mail=mailing@yandex.ru", "mailing": 48, "created_at": "2024-06-17T06:50:09.228Z", "status": true, "mail_answer": "1"}}, {"model": "mailapp.mailinglog", "pk": 246, "fields": {"log_text": "Success!, time=2024-06-17 07:55:02.001555+00:00, mailing=appsheduller, mail=shadowfish@yandex.ru", "mailing": 57, "created_at": "2024-06-17T07:55:02.001Z", "status": true, "mail_answer": "1"}}, {"model": "mailapp.mailinglog", "pk": 247, "fields": {"log_text": "Success!, time=2024-06-17 07:55:02.489697+00:00, mailing=Crontab-проверка, mail=shadowfish@yandex.ru", "mailing": 58, "created_at": "2024-06-17T07:55:02.490Z", "status": true, "mail_answer": "1"}}, {"model": "mailapp.mailinglog", "pk": 248, "fields": {"log_text": "Success!, time=2024-06-17 07:55:02.954505+00:00, mailing=SEND_probe_5, mail=shadowfish@yandex.ru", "mailing": 56, "created_at": "2024-06-17T07:55:02.954Z", "status": true, "mail_answer": "1"}}, {"model": "mailapp.mailinglog", "pk": 249, "fields": {"log_text": "Success!, time=2024-06-17 07:55:03.689224+00:00, mailing=SEND_probe_5, mail=acc4androidih@gmail.ru", "mailing": 56, "created_at": "2024-06-17T07:55:03.689Z", "status": true, "mail_answer": "1"}}, {"model": "mailapp.mailinglog", "pk": 250, "fields": {"log_text": "Success!, time=2024-06-17 07:55:04.141704+00:00, mailing=settings_test_2, mail=settings@yandex.ru", "mailing": 37, "created_at": "2024-06-17T07:55:04.142Z", "status": true, "mail_answer": "1"}}, {"model": "mailapp.mailinglog", "pk": 251, "fields": {"log_text": "Success!, time=2024-06-17 07:55:04.592056+00:00, mailing=settings_test_3, mail=settings@yandex.ru", "mailing": 38, "created_at": "2024-06-17T07:55:04.592Z", "status": true, "mail_answer": "1"}}, {"model": "mailapp.mailinglog", "pk": 252, "fields": {"log_text": "Success!, time=2024-06-17 07:55:05.206423+00:00, mailing=message_settings_update_2, mail=message@yandex.ru", "mailing": 39, "created_at": "2024-06-17T07:55:05.206Z", "status": true, "mail_answer": "1"}}, {"model": "mailapp.mailinglog", "pk": 253, "fields": {"log_text": "Success!, time=2024-06-17 07:55:05.952847+00:00, mailing=message_settings_update_3, mail=message@yandex.ru", "mailing": 40, "created_at": "2024-06-17T07:55:05.953Z", "status": true, "mail_answer": "1"}}, {"model": "mailapp.mailinglog", "pk": 254, "fields": {"log_text": "Success!, time=2024-06-17 07:55:06.471629+00:00, mailing=message_settings_update_5, mail=message@yandex.ru", "mailing": 42, "created_at": "2024-06-17T07:55:06.472Z", "status": true, "mail_answer": "1"}}, {"model": "mailapp.mailinglog", "pk": 255, "fields": {"log_text": "Success!, time=2024-06-17 07:55:07.017237+00:00, mailing=message_settings_update_6, mail=message@yandex.ru", "mailing": 43, "created_at": "2024-06-17T07:55:07.017Z", "status": true, "mail_answer": "1"}}, {"model": "mailapp.mailinglog", "pk": 256, "fields": {"log_text": "Success!, time=2024-06-17 07:55:07.484463+00:00, mailing=message_settings_update_7, mail=message@yandex.ru", "mailing": 44, "created_at": "2024-06-17T07:55:07.484Z", "status": true, "mail_answer": "1"}}, {"model": "mailapp.mailinglog", "pk": 257, "fields": {"log_text": "Success!, time=2024-06-17 07:55:07.892742+00:00, mailing=message_settings_update_9, mail=message@yandex.ru", "mailing": 46, "created_at": "2024-06-17T07:55:07.893Z", "status": true, "mail_answer": "1"}}, {"model": "mailapp.mailinglog", "pk": 258, "fields": {"log_text": "Success!, time=2024-06-17 07:55:08.427222+00:00, mailing=mailing_1, mail=mailing@yandex.ru", "mailing": 48, "created_at": "2024-06-17T07:55:08.427Z", "status": true, "mail_answer": "1"}}, {"model": "mailapp.mailinglog", "pk": 259, "fields": {"log_text": "Success!, time=2024-06-18 08:25:02.486927+00:00, mailing=appsheduller, mail=shadowfish@yandex.ru", "mailing": 57, "created_at": "2024-06-18T08:25:02.487Z", "status": true, "mail_answer": "1"}}, {"model": "mailapp.mailinglog", "pk": 260, "fields": {"log_text": "Success!, time=2024-06-18 08:25:03.057871+00:00, mailing=Crontab-проверка, mail=shadowfish@yandex.ru", "mailing": 58, "created_at": "2024-06-18T08:25:03.058Z", "status": true, "mail_answer": "1"}}, {"model": "mailapp.mailinglog", "pk": 261, "fields": {"log_text": "Success!, time=2024-06-18 08:25:03.618968+00:00, mailing=SEND_probe_5, mail=shadowfish@yandex.ru", "mailing": 56, "created_at": "2024-06-18T08:25:03.619Z", "status": true, "mail_answer": "1"}}, {"model": "mailapp.mailinglog", "pk": 262, "fields": {"log_text": "Success!, time=2024-06-18 08:25:04.251595+00:00, mailing=SEND_probe_5, mail=acc4androidih@gmail.ru", "mailing": 56, "created_at": "2024-06-18T08:25:04.251Z", "status": true, "mail_answer": "1"}}, {"model": "mailapp.mailinglog", "pk": 263, "fields": {"log_text": "Success!, time=2024-06-18 08:25:05.064590+00:00, mailing=settings_test_2, mail=settings@yandex.ru", "mailing": 37, "created_at": "2024-06-18T08:25:05.064Z", "status": true, "mail_answer": "1"}}, {"model": "mailapp.mailinglog", "pk": 264, "fields": {"log_text": "Success!, time=2024-06-18 08:25:05.658845+00:00, mailing=settings_test_3, mail=settings@yandex.ru", "mailing": 38, "created_at": "2024-06-18T08:25:05.659Z", "status": true, "mail_answer": "1"}}, {"model": "mailapp.mailinglog", "pk": 265, "fields": {"log_text": "Success!, time=2024-06-18 08:25:06.228545+00:00, mailing=message_settings_update_2, mail=message@yandex.ru", "mailing": 39, "created_at": "2024-06-18T08:25:06.228Z", "status": true, "mail_answer": "1"}}, {"model": "mailapp.mailinglog", "pk": 266, "fields": {"log_text": "Success!, time=2024-06-18 08:25:06.630353+00:00, mailing=message_settings_update_3, mail=message@yandex.ru", "mailing": 40, "created_at": "2024-06-18T08:25:06.630Z", "status": true, "mail_answer": "1"}}, {"model": "mailapp.mailinglog", "pk": 267, "fields": {"log_text": "Success!, time=2024-06-18 08:25:07.148798+00:00, mailing=message_settings_update_5, mail=message@yandex.ru", "mailing": 42, "created_at": "2024-06-18T08:25:07.149Z", "status": true, "mail_answer": "1"}}, {"model": "mailapp.mailinglog", "pk": 268, "fields": {"log_text": "Success!, time=2024-06-18 08:25:07.698074+00:00, mailing=message_settings_update_6, mail=message@yandex.ru", "mailing": 43, "created_at": "2024-06-18T08:25:07.698Z", "status": true, "mail_answer": "1"}}, {"model": "mailapp.mailinglog", "pk": 269, "fields": {"log_text": "Success!, time=2024-06-18 08:25:08.265495+00:00, mailing=message_settings_update_7, mail=message@yandex.ru", "mailing": 44, "created_at": "2024-06-18T08:25:08.265Z", "status": true, "mail_answer": "1"}}, {"model": "mailapp.mailinglog", "pk": 270, "fields": {"log_text": "Success!, time=2024-06-18 08:25:08.664623+00:00, mailing=message_settings_update_9, mail=message@yandex.ru", "mailing": 46, "created_at": "2024-06-18T08:25:08.664Z", "status": true, "mail_answer": "1"}}, {"model": "mailapp.mailinglog", "pk": 271, "fields": {"log_text": "Success!, time=2024-06-18 08:25:09.278698+00:00, mailing=mailing_1, mail=mailing@yandex.ru", "mailing": 48, "created_at": "2024-06-18T08:25:09.279Z", "status": true, "mail_answer": "1"}}, {"model": "mailapp.mailinglog", "pk": 272, "fields": {"log_text": "Change parameters 2024-06-18 13:22:26.315713+00:00", "mailing": 39, "created_at": "2024-06-18T13:22:26.316Z", "status": false, "mail_answer": "No sending, create or change"}}, {"model": "mailapp.mailinglog", "pk": 273, "fields": {"log_text": "Change parameters 2024-06-18 13:22:50.482475+00:00", "mailing": 44, "created_at": "2024-06-18T13:22:50.482Z", "status": false, "mail_answer": "No sending, create or change"}}, {"model": "mailapp.mailinglog", "pk": 274, "fields": {"log_text": "Change parameters 2024-06-18 13:23:06.775991+00:00", "mailing": 45, "created_at": "2024-06-18T13:23:06.776Z", "status": false, "mail_answer": "No sending, create or change"}}, {"model": "mailapp.mailinglog", "pk": 275, "fields": {"log_text": "Change parameters 2024-06-18 13:24:44.630547+00:00", "mailing": 37, "created_at": "2024-06-18T13:24:44.630Z", "status": false, "mail_answer": "No sending, create or change"}}, {"model": "mailapp.mailinglog", "pk": 276, "fields": {"log_text": "Change parameters 2024-06-18 13:25:36.737311+00:00", "mailing": 43, "created_at": "2024-06-18T13:25:36.737Z", "status": false, "mail_answer": "No sending, create or change"}}, {"model": "mailapp.mailinglog", "pk": 277, "fields": {"log_text": "Change parameters 2024-06-18 13:56:43.045054+00:00", "mailing": 60, "created_at": "2024-06-18T13:56:43.045Z", "status": false, "mail_answer": "No sending, create or change"}}, {"model": "mailapp.mailinglog", "pk": 278, "fields": {"log_text": "Success!, time=2024-06-18 14:00:03.013274+00:00, mailing=simple_user_mailing, mail=waterbat@mail.ru", "mailing": 60, "created_at": "2024-06-18T14:00:03.013Z", "status": true, "mail_answer": "1"}}, {"model": "mailapp.mailinglog", "pk": 279, "fields": {"log_text": "Change parameters 2024-06-18 19:19:58.776097+00:00", "mailing": 61, "created_at": "2024-06-18T19:19:58.776Z", "status": false, "mail_answer": "No sending, create or change"}}, {"model": "mailapp.mailinglog", "pk": 280, "fields": {"log_text": "Success!, time=2024-06-18 19:20:02.832546+00:00, mailing=Список пользователей:, mail=simpl@yandex.ru", "mailing": 61, "created_at": "2024-06-18T19:20:02.833Z", "status": true, "mail_answer": "1"}}, {"model": "mailapp.mailinglog", "pk": 281, "fields": {"log_text": "Success!, time=2024-06-19 12:35:02.641560+00:00, mailing=settings_test_2, mail=settings@yandex.ru", "mailing": 37, "created_at": "2024-06-19T12:35:02.641Z", "status": true, "mail_answer": "1"}}, {"model": "mailapp.mailinglog", "pk": 282, "fields": {"log_text": "Success!, time=2024-06-19 12:35:04.877835+00:00, mailing=appsheduller, mail=shadowfish@yandex.ru", "mailing": 57, "created_at": "2024-06-19T12:35:04.878Z", "status": true, "mail_answer": "1"}}, {"model": "mailapp.mailinglog", "pk": 283, "fields": {"log_text": "Success!, time=2024-06-19 12:35:05.548831+00:00, mailing=Crontab-проверка, mail=shadowfish@yandex.ru", "mailing": 58, "created_at": "2024-06-19T12:35:05.549Z", "status": true, "mail_answer": "1"}}, {"model": "mailapp.mailinglog", "pk": 284, "fields": {"log_text": "Success!, time=2024-06-19 12:35:06.163230+00:00, mailing=SEND_probe_5, mail=shadowfish@yandex.ru", "mailing": 56, "created_at": "2024-06-19T12:35:06.163Z", "status": true, "mail_answer": "1"}}, {"model": "mailapp.mailinglog", "pk": 285, "fields": {"log_text": "Success!, time=2024-06-19 12:35:06.857926+00:00, mailing=SEND_probe_5, mail=acc4androidih@gmail.ru", "mailing": 56, "created_at": "2024-06-19T12:35:06.858Z", "status": true, "mail_answer": "1"}}, {"model": "mailapp.mailinglog", "pk": 286, "fields": {"log_text": "Success!, time=2024-06-19 12:35:07.473502+00:00, mailing=settings_test_3, mail=settings@yandex.ru", "mailing": 38, "created_at": "2024-06-19T12:35:07.473Z", "status": true, "mail_answer": "1"}}, {"model": "mailapp.mailinglog", "pk": 287, "fields": {"log_text": "Success!, time=2024-06-19 12:35:07.868468+00:00, mailing=message_settings_update_3, mail=message@yandex.ru", "mailing": 40, "created_at": "2024-06-19T12:35:07.868Z", "status": true, "mail_answer": "1"}}, {"model": "mailapp.mailinglog", "pk": 288, "fields": {"log_text": "Success!, time=2024-06-19 12:35:08.470902+00:00, mailing=message_settings_update_5, mail=message@yandex.ru", "mailing": 42, "created_at": "2024-06-19T12:35:08.471Z", "status": true, "mail_answer": "1"}}, {"model": "mailapp.mailinglog", "pk": 289, "fields": {"log_text": "Success!, time=2024-06-19 12:35:09.049344+00:00, mailing=message_settings_update_9, mail=message@yandex.ru", "mailing": 46, "created_at": "2024-06-19T12:35:09.049Z", "status": true, "mail_answer": "1"}}, {"model": "mailapp.mailinglog", "pk": 290, "fields": {"log_text": "Success!, time=2024-06-19 12:35:09.649521+00:00, mailing=mailing_1, mail=mailing@yandex.ru", "mailing": 48, "created_at": "2024-06-19T12:35:09.649Z", "status": true, "mail_answer": "1"}}, {"model": "mailapp.client", "pk": 38, "fields": {"name": "Уважаемый settings_test_1!", "email": "settings@yandex.ru", "comment": "settings@yandex.ru", "is_active": true, "mailing": 37}}, {"model": "mailapp.client", "pk": 39, "fields": {"name": "Уважаемый settings_test_1!", "email": "settings@yandex.ru", "comment": "settings@yandex.ru", "is_active": true, "mailing": 38}}, {"model": "mailapp.client", "pk": 40, "fields": {"name": "Уважаемый message!", "email": "message@yandex.ru", "comment": "message_settings_update_2", "is_active": true, "mailing": 39}}, {"model": "mailapp.client", "pk": 41, "fields": {"name": "Уважаемый message!", "email": "message@yandex.ru", "comment": "message_settings_update_2", "is_active": true, "mailing": 40}}, {"model": "mailapp.client", "pk": 42, "fields": {"name": "Уважаемый message!", "email": "message@yandex.ru", "comment": "message_settings_update_2", "is_active": true, "mailing": 41}}, {"model": "mailapp.client", "pk": 43, "fields": {"name": "Уважаемый message!", "email": "message@yandex.ru", "comment": "message_settings_update_2", "is_active": true, "mailing": 42}}, {"model": "mailapp.client", "pk": 44, "fields": {"name": "Уважаемый message!", "email": "message@yandex.ru", "comment": "message_settings_update_2", "is_active": true, "mailing": 43}}, {"model": "mailapp.client", "pk": 45, "fields": {"name": "Уважаемый message!", "email": "message@yandex.ru", "comment": "message_settings_update_2", "is_active": true, "mailing": 44}}, {"model": "mailapp.client", "pk": 46, "fields": {"name": "Уважаемый message!", "email": "message@yandex.ru", "comment": "message_settings_update_2", "is_active": true, "mailing": 45}}, {"model": "mailapp.client", "pk": 47, "fields": {"name": "Уважаемый message!", "email": "message@yandex.ru", "comment": "message_settings_update_2", "is_active": true, "mailing": 46}}, {"model": "mailapp.client", "pk": 48, "fields": {"name": "Уважаемый клиент!", "email": "settings@yandex.ru", "comment": "settings_test_8", "is_active": true, "mailing": 47}}, {"model": "mailapp.client", "pk": 49, "fields": {"name": "Уважаемый клиент!", "email": "mailing@yandex.ru", "comment": "mailing", "is_active": true, "mailing": 48}}, {"model": "mailapp.client", "pk": 50, "fields": {"name": "Уважаемый клиент!", "email": "CHANGED@CHANGED.CHANGED", "comment": "CHANGED", "is_active": true, "mailing": 49}}, {"model": "mailapp.client", "pk": 51, "fields": {"name": "Уважаемый клиент!", "email": "SHITTTT@yandex.ru", "comment": "SHITTTT!!", "is_active": true, "mailing": 50}}, {"model": "mailapp.client", "pk": 52, "fields": {"name": "Уважаемый клиент!", "email": "last@ya.ru", "comment": "last settings test", "is_active": true, "mailing": 51}}, {"model": "mailapp.client", "pk": 53, "fields": {"name": "Уважаемый клиент!", "email": "www@yandex.ru", "comment": "www@yandex.ru", "is_active": true, "mailing": 49}}, {"model": "mailapp.client", "pk": 54, "fields": {"name": "Уважаемый клиент!", "email": "shadowfish@yandex.ru", "comment": "shadowfish@yandex.ru", "is_active": true, "mailing": 56}}, {"model": "mailapp.client", "pk": 55, "fields": {"name": "Уважаемый клиент!", "email": "acc4androidih@gmail.ru", "comment": "acc4androidih@gmail.ru", "is_active": true, "mailing": 56}}, {"model": "mailapp.client", "pk": 56, "fields": {"name": "Уважаемый клиент!", "email": "shadowfish@yandex.ru", "comment": "shadowfish@yandex.ru", "is_active": true, "mailing": 57}}, {"model": "mailapp.client", "pk": 57, "fields": {"name": "Crontab доставляет!", "email": "shadowfish@yandex.ru", "comment": "Crontab-проверка работоспособности рассылки. Crontab все делает молча...", "is_active": true, "mailing": 58}}, {"model": "mailapp.client", "pk": 58, "fields": {"name": "Уважаемый клиент!", "email": "waterbat@mail.ru", "comment": "message_in = models.TextField(verbose_name='описание', help_text='введите описание рассылки', **NULLABLE)", "is_active": true, "mailing": 60}}, {"model": "mailapp.client", "pk": 59, "fields": {"name": "Уважаемый клиент!", "email": "simpl@yandex.ru", "comment": "simpl@yandex.ru", "is_active": true, "mailing": 61}}, {"model": "mailapp.client", "pk": 60, "fields": {"name": "Уважаемый клиент!", "email": "styarttosend@mail.ru", "comment": "styarttosend@mail.ru проверка рассылки", "is_active": true, "mailing": 60}}]